B2,B3,B4,B5,class
908,862,829,351,3
834,834,909,426,3
882,942,2119,1665,3
838,933,2295,1955,3
920,959,2191,1908,3
815,880,2204,1889,3
803,803,1076,575,3
863,934,2638,2486,3
996,1005,2676,2537,3
1368,1451,2768,2226,3
923,1021,1966,1813,3
878,948,1900,1688,3
699,808,1590,1249,3
1013,1068,2291,2011,3
1017,1180,2105,1810,5
1106,1223,2394,2171,3
1151,1251,2407,2184,3
775,777,1864,1585,3
963,1066,2263,1968,3
630,685,1501,1158,3
912,901,1860,1589,3
852,837,1713,1351,3
1095,1089,1918,1647,5
896,997,2228,1874,3
642,666,2490,1886,5
940,1083,2555,1899,3
928,1053,2300,1926,3
658,634,1424,949,3
671,655,1082,627,3
690,701,1636,1288,3
914,828,940,401,3
798,874,847,351,3
827,782,816,287,3
891,881,1050,499,3
876,868,933,400,3
904,869,1016,513,3
930,960,1237,673,3
918,952,1272,598,3
774,791,1556,1216,3
802,819,1684,1106,3
893,815,1041,534,3
948,1022,1907,1380,3
271,225,2016,1284,1
171,163,1667,1035,1
301,251,2277,1429,1
346,237,2379,1504,1
361,251,2354,1429,1
526,471,2457,1595,1
258,172,2230,1259,1
211,168,2109,1146,1
370,352,2288,1444,1
431,387,2245,1601,1
1683,1652,3179,2604,1
535,487,2449,1663,1
476,416,2258,1515,1
446,358,2360,1552,1
403,343,2252,1536,1
345,314,1933,1302,1
377,334,2195,1463,1
347,277,2259,1673,1
364,285,2291,1418,1
382,304,2259,1418,1
446,389,2223,1551,1
359,296,2216,1443,1
389,282,2358,1481,1
359,267,2229,1481,1
359,296,2396,1518,1
621,517,2352,1713,1
489,403,2607,1589,1
533,403,2759,1676,1
386,303,2441,1490,1
371,289,2467,1466,1
415,274,2683,1626,1
447,342,2615,1564,1
462,342,2602,1689,1
416,328,2602,1485,1
401,313,2602,1485,1
491,458,2653,1622,1
582,532,2641,1626,1
416,356,2719,1514,1
357,331,2542,1487,1
387,331,2516,1487,1
432,375,2424,1249,1
560,507,2500,1710,1
928,935,2566,1846,1
1018,1050,2658,2120,1
824,790,2081,1821,4
854,848,2042,1721,4
988,1064,2423,1896,4
884,834,2292,1933,4
1005,1085,2274,1907,4
916,984,2209,2068,4
1153,1199,2117,1944,4
1035,999,2117,1969,4
887,812,2287,1745,4
1138,1070,2261,2056,4
1035,1142,2209,1994,4
1020,999,2196,1982,4
872,984,2379,1907,4
961,1013,2392,2131,4
946,1085,2287,2329,4
887,855,2535,1944,4
1141,1101,2148,1829,4
1087,1173,2220,1986,4
842,913,2379,1944,4
1087,1131,2207,1900,4
1102,1215,2336,1900,4
971,1060,1961,1900,4
1078,1067,1980,1842,4
654,846,2193,1808,4
922,1090,2053,1971,4
730,790,2301,1797,4
565,545,2362,1597,4
978,1243,2349,1957,4
922,962,2223,1884,4
996,934,2132,2244,4
804,1076,2106,2206,4
571,548,2555,1732,4
541,577,2322,1757,4
527,577,2387,1657,4
954,1062,2049,2129,4
687,695,2724,1936,4
762,825,2057,1861,4
807,868,2359,1899,4
778,837,1997,1976,4
688,706,2261,1913,4
458,396,2022,1622,4
515,435,2578,1598,2
605,609,2029,1785,2
605,594,2604,1909,5
485,464,2927,1822,2
578,585,1680,1460,2
383,440,1785,1385,2
383,396,1363,960,2
353,309,1627,1148,2
548,628,2100,1372,2
518,585,1917,1085,2
500,420,2772,1685,2
486,478,2353,1743,2
397,320,2159,1520,5
545,464,2648,1929,2
757,682,2793,1976,2
667,713,2149,1570,2
653,560,2577,1791,2
696,685,2161,1558,2
610,546,3002,1730,2
731,754,2671,1847,2
639,597,3048,1689,2
631,681,2164,1514,2
584,621,1687,1034,2
755,875,1974,1565,2
693,771,1960,1325,2
537,561,2259,1502,2
707,845,1928,1476,2
613,621,2186,1728,2
815,801,1833,1274,2
598,606,2923,1753,2
598,546,2844,1791,2
567,591,2037,1640,2
645,636,2482,1652,2
691,696,2213,1614,2
598,567,2662,1688,2
552,552,2609,1701,2
569,613,2111,1097,2
615,613,2071,1248,2
660,685,2344,1676,5
568,552,2463,1763,5
537,493,2714,1801,5
874,745,2675,1851,5
543,438,3081,1811,5
756,776,2519,1799,5
573,556,2545,1774,5
543,438,2820,1799,5
619,615,1883,1548,5
515,440,2588,1496,1
408,336,2849,1659,5
462,624,1816,1144,5
248,227,1325,831,5
1301,1262,2926,2353,5
1976,2098,3446,2832,5
513,427,3115,2084,5
625,544,2947,1807,5
902,935,2369,1776,5
875,882,2467,1896,5
915,909,2087,2125,5
794,736,2735,1812,5
685,602,2222,1172,5
658,509,2686,1800,5
434,321,2804,1527,5
560,502,2617,1577,5
444,335,2808,1667,5
466,382,2750,1628,1
503,453,2669,1528,5
585,426,2901,1755,5
570,396,2994,1654,5
554,366,3061,1654,5
558,426,2374,1556,1
558,471,2400,1681,5
574,441,2493,1782,5
528,471,2612,1656,5
604,544,2148,1731,5
604,529,2094,1819,5
493,423,2478,1756,5
554,482,2623,1744,1
447,364,2703,1631,5
682,519,3437,1938,5
665,768,2199,1760,4
687,724,2776,1886,5
831,846,868,401,3
888,900,962,488,3
830,858,962,451,3
859,858,1199,750,3
931,915,1252,825,3
859,929,1133,750,3
991,953,1240,825,3
875,911,1188,725,3
1019,1063,1917,1638,3
987,1043,1665,1392,3
934,965,1609,1280,3
919,923,1155,623,3
973,1015,1859,1614,3
887,974,1601,1305,3
904,924,1181,636,3
761,743,1942,1317,2
704,715,1518,984,2
704,715,1557,1008,2
704,757,1544,1021,2
718,771,1634,1292,2
661,645,2083,1465,2
718,798,1711,1169,2
718,715,1647,1045,2
732,743,1634,1132,2
598,653,1894,1340,2
615,599,1823,1213,2
600,614,1809,1552,2
568,594,1693,1151,2
491,476,2558,1516,2
647,624,2347,1549,2
647,536,2662,1837,2
548,451,2704,1649,2
533,494,2323,1587,2
650,621,2374,1858,2
592,508,2666,1710,2
1017,1098,2374,1894,3
2417,2438,3820,3034,1
2520,2580,3741,2810,1
986,874,2976,1831,1
624,525,2809,1492,1
529,479,2674,1530,1
429,333,2954,1512,1
372,336,2489,1586,1
770,880,2205,1789,4
754,865,2419,1927,4
599,806,2540,1777,4
537,583,2526,1714,4
599,776,2566,1877,4
599,657,2460,1789,4
584,657,2433,1865,4
677,687,2566,1953,4
521,553,2460,1626,4
553,528,2517,1373,4
862,973,2517,1888,4
804,960,2209,1874,4
862,1002,2531,2076,4
573,649,2529,1661,3
511,590,2089,1548,5
727,694,2196,1599,5
773,842,2076,1624,5
819,901,1928,1574,5
767,700,2780,1801,5
753,756,2452,1962,5
662,566,2268,1850,5
601,506,2236,1550,5
586,506,2130,1588,5
1413,1421,2816,2113,5
738,682,2435,1826,5
818,719,2751,1873,5
577,485,2646,1923,5
646,590,2892,2236,5
523,397,2818,1652,5
494,411,2754,1739,5
617,568,2834,2107,5
574,485,2709,1679,1
523,475,2517,1571,1
580,461,2881,1829,1
389,295,2297,1254,1
360,267,2221,1204,1
617,554,2132,1875,4
730,665,2283,2326,4
1039,1209,2144,1882,4
823,811,2122,1699,4
916,903,1903,1783,4
678,672,2334,1831,3
1082,1207,2295,2080,3
948,1034,2125,1769,3
1022,1063,2282,2018,3
557,482,2790,1744,2
497,423,2556,1670,2
723,773,2413,1744,2
579,530,2108,1460,2
670,692,2251,1898,5
655,545,2528,1936,5
609,574,2567,1836,5
517,515,2475,1661,5
471,441,2515,1610,5
410,353,2776,1498,5
487,486,2396,1560,5
426,353,2550,1472,5
365,324,2785,1559,5
505,546,2495,1696,5
503,471,2603,1659,5
475,429,2911,1784,5
527,467,3314,2011,5
576,543,2523,1746,5
657,667,2600,1848,5
844,821,2447,1799,5
700,681,2320,1860,5
599,485,2676,1552,5
700,681,2231,1688,5
700,653,2282,1651,5
643,541,2218,1675,5
599,541,2498,1823,5
715,765,2435,1872,5
585,583,2371,1762,5
372,349,1480,996,5
361,334,1556,1032,5
349,293,1431,1006,5
364,250,1495,1019,5
3483,3622,5090,4653,5
919,1018,2032,1915,5
974,1005,2193,1951,5
850,830,2465,1939,5
897,900,2250,1894,5
870,966,2421,2326,5
803,860,2481,2290,5
911,873,2421,1906,5
897,900,2408,1689,5
759,675,2300,1997,5
800,971,1979,1827,5
773,837,2127,1827,5
964,1064,2361,1973,5
704,823,2041,1900,4
773,675,2705,1936,4
745,729,2386,1888,4
745,756,2447,1815,4
910,984,2263,1791,4
1019,1011,2201,1840,4
786,810,2263,1755,4
827,756,2152,1948,4
732,662,2349,1815,4
800,770,2386,2214,4
827,877,2288,1731,4
525,540,1594,1173,4
950,1144,2300,1924,4
786,957,2028,1815,4
814,971,2423,1791,4
1089,1028,2109,2170,4
933,938,1894,1872,4
657,589,1291,1096,4
1258,1221,1930,1693,4
789,732,2193,1502,4
1090,1321,2094,1918,4
907,796,2427,1882,4
867,865,2272,1758,4
813,865,1946,1734,4
1370,1387,2597,2166,4
813,839,2151,1758,4
880,957,2296,1794,4
920,852,2392,1854,4
1066,1179,2489,1986,4
1225,1035,2525,2321,4
1172,1205,2585,2094,4
1027,1022,2284,2584,4
646,589,1349,1035,4
619,550,1410,1047,4
1038,963,2213,1823,4
1103,1117,2285,2001,4
999,1027,1914,1799,4
1592,1588,2534,2132,4
1361,1346,2344,1989,4
803,641,1566,1226,4
2540,2429,3768,3199,4
787,857,2088,1619,2
817,829,2296,1917,2
713,699,2062,1880,2
668,728,1996,1755,2
743,642,2504,1842,2
698,728,1931,1606,2
1199,1199,2465,1793,2
757,642,2491,1681,2
567,587,1944,1422,2
987,1021,2286,1746,2
657,732,1839,1234,2
792,804,1892,1647,2
867,891,2417,1908,2
702,761,2010,1821,2
567,455,2534,1734,2
777,732,2299,1597,2
567,412,2338,1459,2
807,833,2194,1709,2
582,455,2443,1697,2
649,522,2747,1911,2
725,610,2616,1798,2
634,654,2486,1848,2
649,537,1959,1486,2
649,698,1893,1461,2
497,390,2616,1611,2
740,727,2734,1948,2
512,390,2708,1786,2
558,478,2078,1473,2
482,361,2773,1548,2
876,727,2078,1623,2
859,813,1877,1550,2
859,799,1797,1450,2
859,872,2170,1663,2
639,578,2939,1703,2
559,487,2752,1540,2
562,504,2899,1666,2
562,489,2912,1603,2
577,534,2488,1603,2
562,534,2965,1603,2
562,504,2952,1603,2
528,502,2950,1502,2
590,576,2579,1616,2
606,516,2977,1641,2
763,805,2409,1714,2
671,606,1288,934,3
738,727,1130,635,3
555,465,1555,1081,3
766,699,1784,1400,3
541,507,2602,1645,3
752,768,1619,1143,3
569,534,1466,1032,3
541,520,1683,1118,3
583,548,1505,1118,3
498,451,1581,1118,3
842,828,1687,1304,3
870,938,1351,734,3
785,745,1054,549,3
899,925,1338,734,3
830,835,1120,611,3
608,543,2411,1657,3
675,659,1827,1342,3
675,659,1750,1391,3
775,798,1942,1403,3
890,854,1776,1342,3
858,821,1159,698,3
987,946,1250,748,3
934,951,1129,611,3
876,826,998,424,3
890,884,1145,638,3
947,911,1108,613,3
816,770,1789,1383,3
875,888,814,375,3
959,886,869,363,3
885,785,937,476,3
872,768,844,313,3
690,712,991,400,3
783,782,1617,1264,3
557,580,2451,1689,3
677,685,2210,1492,3
555,600,2472,1818,3
631,600,2498,1593,3
661,655,2255,1677,3
614,598,2075,1514,3
720,686,1555,1125,3
450,388,2327,1507,1
458,374,1712,1039,1
495,351,2125,1321,1
607,543,2324,1528,1
439,378,2250,1467,1
435,388,2113,1397,1
518,443,1642,1013,1
545,443,2079,1314,1
2394,2488,3182,2632,1
483,393,2240,1323,1
506,422,2214,1364,1
513,435,2282,1394,1
583,449,2393,1430,1
764,802,2207,1686,1
478,323,2743,1550,1
432,280,2407,1366,1
417,309,2714,1465,1
388,237,2215,1291,1
328,222,1814,994,1
417,237,2395,1291,1
417,294,2510,1366,1
4196,4246,5177,3870,1
256,246,2094,1332,1
226,231,2067,1332,1
279,212,2230,1433,1
257,220,2169,1296,1
379,337,2415,1498,1
333,307,2124,1273,1
333,278,2402,1398,1
299,265,2533,1471,1
325,291,2382,1498,1
314,265,2096,1383,1
268,250,2096,1308,1
328,294,2297,1358,1
671,571,2671,1592,1
5778,6039,7503,4908,1
438,362,2386,1301,1
3142,3283,4259,2920,1
1400,1362,2606,1391,1
2929,2857,3341,1718,1
5048,4938,5742,3432,1
4365,4373,5311,3069,1
4142,4189,5079,3395,1
5531,5806,6715,4075,1
3850,3793,5254,3654,1
508,484,2535,1565,1
3267,3148,3873,2772,1
445,423,2562,1616,1
851,890,2171,1540,1
381,317,1980,1211,1
